1;1696346759.1604834;secon note;note note note
2;1696350417.3310604;test;test text
3;1696350417.3310604;test;test text
4;1696350417.3310604;test;test text
5;1696350417.3310604;test;test text
